<?xml version="1.0" encoding="UTF-8"?>
<project-private xmlns="http://www.netbeans.org/ns/project-private/1">
    <editor-bookmarks xmlns="http://www.netbeans.org/ns/editor-bookmarks/2" lastBookmarkId="0"/>
    <open-files xmlns="http://www.netbeans.org/ns/projectui-open-files/2">
        <group>
            <file>file:/C:/xampp/htdocs/FestManagement/coordinators.php</file>
            <file>file:/C:/xampp/htdocs/FestManagement/winners.php</file>
            <file>file:/C:/xampp/htdocs/FestManagement/deleteevent.php</file>
            <file>file:/C:/xampp/htdocs/FestManagement/index.php</file>
            <file>file:/C:/xampp/htdocs/FestManagement/events.php</file>
            <file>file:/C:/xampp/htdocs/FestManagement/deletedepartment.php</file>
            <file>file:/C:/xampp/htdocs/FestManagement/deletecoordinator.php</file>
            <file>file:/C:/xampp/htdocs/FestManagement/deleteparticipant.php</file>
            <file>file:/C:/xampp/htdocs/FestManagement/participants.php</file>
            <file>file:/C:/xampp/htdocs/FestManagement/deletejudge.php</file>
            <file>file:/C:/xampp/htdocs/FestManagement/departments.php</file>
            <file>file:/C:/xampp/htdocs/FestManagement/judges.php</file>
            <file>file:/C:/xampp/htdocs/FestManagement/deletewinner.php</file>
        </group>
    </open-files>
</project-private>
